TransactionID,Amount,TimeSinceLastTxn,NumTxnsLastHour,AvgAmountLastHour,IsInternational,DeviceType,Class
1,90029.90974591851,196.16173785585687,12,20306.500832221656,1,0,1
2,3686.0291756720862,13115.807214422757,3,766.3820523339812,0,1,0
3,1674.5591646043447,28964.208754165866,3,1138.5373021211246,0,0,0
4,1732.0942570102784,71534.20729875736,4,1445.4735075716076,0,1,0
5,41080.32171736128,165.61086217776744,6,60711.5667227369,0,1,1
6,880.3170137282617,47641.10046059642,0,1000.1887839093068,0,1,0
7,3131.6580689157468,55268.814325229556,1,2841.6835072816393,0,1,0
8,4735.775007209921,17242.078845154618,1,912.9204672723628,0,0,0
9,3366.63845060328,36399.36644967945,2,1900.1620304961964,0,0,0
10,2063.769758909286,55589.25101742316,4,621.2559334868666,0,0,0
11,216.30033166802266,29952.277578727066,3,295.25542677196023,0,0,0
12,1039.4868867755642,37189.25428743467,0,497.18347437091114,0,0,0
13,1978.5128978993177,4005.6637953622608,0,81.83602247752862,0,0,0
14,2064.5481515263223,36762.29749467714,0,1127.4189293641107,0,0,0
15,1874.9517811198348,11739.64678502754,3,1785.4403920329878,0,1,0
16,54266.407807126365,183.49408769752537,9,54043.84271379704,0,0,1
17,378.8558002111593,2835.895870782434,1,2780.6744526143434,0,1,0
18,1953.530824316805,12805.996472661209,3,2714.9526816343423,0,0,0
19,2667.934414923123,56919.74711809234,0,764.056256966229,0,0,0
20,566.0140381553705,48929.94029038169,4,2584.312677738679,0,0,0
21,465.3906553224509,29590.721137951747,4,2151.0490066881116,0,1,0
22,4177.6429229102505,64059.042091681986,1,1401.788600619619,0,0,0
23,1002.040299940622,55039.30595411291,3,185.97806600315846,0,0,0
24,2475.621636909367,60646.413271381294,4,2793.501866334505,0,0,0
25,3107.2765024292526,26019.0665856531,1,1238.5226349081045,0,0,0
26,2281.5369157155637,18156.16113347759,1,1019.4906080016577,0,1,0
27,3220.87467994065,5126.252258816942,0,699.4097963513418,0,0,0
28,2096.7971546348563,20013.15525555527,1,2311.770374748238,0,0,0
29,4788.675349143937,13426.832994923645,3,2577.658678510425,0,0,0
30,919.2900679583743,23209.279562788102,2,547.7855022982811,0,1,0
31,4982.52435665503,46473.60986693322,1,1497.0264232235154,0,1,0
32,3092.011311044254,71367.25664793048,3,603.0279681945524,0,1,0
33,1577.6085565491223,45230.181224535256,3,1365.551544790094,0,1,0
34,2549.6593015405924,46512.50554580845,0,886.1359157029219,0,1,0
35,1835.6936422805393,14533.146542573242,3,198.33486271068023,0,0,0
36,760.866584058897,44002.883124119784,1,1351.6001166373267,0,0,0
37,102.92740173574319,32678.20098544253,3,881.3687730122365,0,1,0
38,3416.757268166164,35553.612141164296,1,1925.9138975623832,0,0,0
39,2219.124260311445,10473.026692413501,1,513.0189711517196,0,1,0
40,4173.010397242594,51867.72595783673,0,344.4805302111107,0,0,0
41,2475.6434551507796,9373.898805836503,1,2431.7373825111727,0,0,0
42,4919.315804834625,68755.90488229253,0,460.4802493840133,0,0,0
43,4676.120175610749,21670.562374277863,3,2829.834641848421,0,0,0
44,111.3871347216764,37779.450332852335,1,2366.6809144101535,0,0,0
45,1214.1968192649801,63340.95725117968,0,2215.8791350719093,0,1,0
46,2137.654364198073,22422.90251251907,1,1585.2090558120883,0,0,0
47,853.2164337015577,71863.69716293743,1,1929.538078624779,0,1,0
48,70732.14058702317,36.140848744196894,18,45098.0448496304,1,0,1
49,191.12140882346952,60642.61501995221,1,1573.817166227048,0,0,0
50,2985.9445054598823,723.5604077593566,4,321.8242587624135,0,0,0
51,3869.851755419485,47303.463051082734,2,58.83415440553137,0,0,0
52,4004.3694373324247,23858.414250754915,1,142.9968727916868,0,1,0
53,2396.1073716160413,53433.35194522761,0,1136.1516223655187,0,0,0
54,2662.0314569189904,62311.6304178297,4,1517.3707444427466,0,0,0
55,1875.4527661198656,69692.37845977185,4,1096.7211954360162,0,1,0
56,115.35188863829038,24711.526133839307,1,454.67280510437166,0,1,0
57,3794.9438216443496,63616.89903403708,3,448.57108595142984,0,1,0
58,87159.09156633266,258.98242531693296,7,64755.01116367496,0,0,1
59,4126.15691077002,66542.88876766192,2,78.44617891189489,0,0,0
60,47947.437562613966,285.89244701487667,16,65287.81810710011,1,0,1
61,4511.635654992025,59737.9734969677,4,1139.2548318904119,0,0,0
62,2518.1256499282977,66429.6292393681,3,880.5110141690981,0,1,0
63,4546.669304869283,46389.171877696295,4,624.840758644443,0,0,0
64,2336.8641731902544,16389.454225114347,1,2468.6139541623575,0,1,0
65,12146.089416402772,86.27220243123723,10,50360.79089361395,1,1,1
66,259.4995764732903,29039.247373271555,4,1292.2242833465561,0,1,0
67,24316.264230674235,258.0496804656477,14,44345.55407737059,1,1,1
68,44458.143082202136,114.62555778959727,14,35705.71888373984,0,1,1
69,1303.2209168292604,2940.702116026669,2,1110.889947133919,0,0,0
70,3593.2276840778663,39616.191078435295,0,2435.1777548567525,0,0,0
71,1503.8157231129214,58029.45145183737,3,2478.85775762556,0,0,0
72,3691.1205007105996,50301.48915477171,0,1298.6530498876782,0,1,0
73,178.0013046147925,24710.980429833275,3,338.17052361544745,0,1,0
74,2714.6736302319555,56831.51679034246,1,609.7264254787381,0,1,0
75,14015.034741373143,276.4825036564282,17,16919.504713629038,0,1,1
76,4765.197731609761,26995.16872174787,1,2760.3697732465807,0,0,0
77,2307.0751018282645,53096.87947606224,0,1654.015205530561,0,0,0
78,595.8741798721107,35365.25267376598,3,138.16394992058832,0,0,0
79,3732.9476592745723,11841.85939939217,1,621.2854174179341,0,1,0
80,3517.825998306845,28065.871180036556,0,213.93492118270146,0,0,0
81,130.2430153516171,70263.87421437951,0,140.172695705316,0,0,0
82,2832.7145820518135,7604.140727121102,2,1413.4678643453565,0,0,0
83,4153.176505206604,38996.23887132934,2,2406.2109825975044,0,0,0
84,22571.62154242475,244.02790379655028,5,70887.25383257202,0,1,1
85,51317.35616855708,242.63212909098172,10,34643.568605260785,0,0,1
86,2515.984328105208,59471.051680657816,1,1953.8781200060537,0,1,0
87,3675.6349345882595,47249.96608991625,4,2227.755132387952,0,1,0
88,1537.996785689579,46160.10191247846,2,2828.179584873724,0,1,0
89,1808.95612668273,1341.329361495676,2,2881.464117261442,0,1,0
90,3792.7414950553,34394.52820536621,3,848.6369598147055,0,1,0
91,430.4692741630097,8990.682991827634,3,2339.5639001690715,0,1,0
92,2153.5597443903425,4310.115193494719,4,2221.7149977743948,0,0,0
93,93525.76387597137,88.59468049009917,15,31654.2953086242,0,0,1
94,2847.5493430381175,7893.314687506573,0,298.6480305298338,0,1,0
95,1561.4702691307768,9147.213118660427,3,1723.7940105048622,0,0,0
96,1341.2990805984662,39217.54995948342,3,1579.7283594154294,0,0,0
97,2882.9042025343315,60288.486800038634,3,348.4506085740355,0,1,0
98,1551.3825962442816,53350.23460340776,0,326.8415854595159,0,0,0
99,3824.484053017901,12291.451412149308,1,858.8358019139915,0,1,0
100,2205.9557117624886,11817.415119933807,3,1411.4844944510482,0,1,0
101,3918.7761087310905,3471.972077371035,3,83.80912023315939,0,0,0
102,2083.353151569777,17822.69973273843,1,162.25672799615754,0,0,0
103,32804.62919170856,157.57022792045538,10,22649.750512372324,1,0,1
104,1151.9847719362078,71627.54967509257,0,2297.520127163881,0,0,0
105,1830.559996633942,9711.79168717587,2,1520.4263235403319,0,1,0
106,2463.0061907856434,13977.381569124474,4,844.6943518517832,0,0,0
107,1822.1966433590767,69094.71255147443,3,1518.4105877000152,0,0,0
108,862.3394764327863,23326.292006877047,4,789.2002896111609,0,0,0
109,3484.421997179312,25779.941954519774,3,1214.6135529178182,0,1,0
110,1777.3083575702522,41203.99067605948,3,1167.5386311090908,0,1,0
111,3890.359095538182,43882.460861558415,3,1393.5797658489098,0,1,0
112,4129.071561221572,40934.4811137565,2,1438.9162769458053,0,1,0
113,2641.41011742306,67651.54947019456,0,286.61421704087894,0,1,0
114,3752.327307492425,2809.1240694160874,3,1581.9284306366158,0,0,0
115,39138.31678457804,19.381320128856178,9,50155.81976332819,1,1,1
116,3626.5041573041003,16434.11566698879,2,1796.8146659435529,0,1,0
117,2101.4682967759195,12821.439223447647,0,2374.1909687638954,0,1,0
118,1439.8039635374723,65262.367865588014,1,2684.041918933823,0,1,0
119,4208.489831739664,52028.39742368604,3,45.70976175827832,0,0,0
120,2378.7935553201655,31554.435884792212,1,932.4968977980711,0,0,0
121,4806.844285513954,68471.21250627324,2,1393.0193331564328,0,1,0
122,1596.6251147007572,69433.98046538705,0,921.4505295878208,0,0,0
123,4705.652872146104,48664.823802187304,3,1474.154553231406,0,0,0
124,1543.9686373976936,13500.590284217866,0,242.30140780379875,0,0,0
125,4552.325353077172,54574.89768141186,3,1579.405741071313,0,1,0
126,4474.743119869278,35793.029409226634,0,2829.021037164546,0,0,0
127,4743.855287474186,17849.567685812006,3,100.80645576062152,0,0,0
128,3752.1016934822037,32038.016827520532,0,2890.373635237258,0,1,0
129,4015.4414761313305,11496.433085200108,4,1863.4209525888834,0,0,0
130,15447.795541622821,250.15922404276185,15,8042.334929664539,1,1,1
131,3189.3630280541524,4557.3192910224925,2,1968.979898167884,0,0,0
132,81196.56818179731,283.0058375112233,15,75148.32366475146,1,0,1
133,2627.096646807253,45511.64266427234,3,1495.0155191630747,0,0,0
134,1615.2400498272464,62567.128830863265,0,1656.436374550399,0,0,0
135,624.6887419560202,27306.630220059982,3,1643.4379479528047,0,0,0
136,3612.278437871179,32611.53464315258,2,968.0939064973513,0,0,0
137,482.93470616763136,71796.15615278849,3,1304.0703257466575,0,0,0
138,1229.7973728554123,38103.18891962595,2,2438.414966885308,0,0,0
139,1802.9260236396708,10937.244267385398,1,1546.3178025340846,0,1,0
140,3194.3073747482877,47656.18016101119,4,2197.830049220741,0,0,0
141,2683.488417994076,37517.26642679022,3,658.9874891863531,0,0,0
142,4328.161534273673,56658.18798735687,2,336.33459932796274,0,1,0
143,2740.266228734033,29671.845969994745,1,2652.1277692357685,0,0,0
144,1638.5237401117556,51578.11289289507,1,2021.9419023932976,0,1,0
145,2585.808462885687,34404.08225280883,3,2386.918391151804,0,0,0
146,1290.2477312613657,22099.588389970173,4,2238.551414105982,0,0,0
147,4932.266429776512,29612.61809282456,1,23.58169229974666,0,1,0
148,2214.9730602849113,63262.90747797656,3,1508.0854432485567,0,0,0
149,778.0944359814447,26114.03464398633,0,1211.9419604675613,0,1,0
150,3927.0103832533887,18885.002191199197,0,1485.1620555710915,0,1,0
151,3346.6729082239026,35233.20962429026,1,1435.9436546931477,0,0,0
152,96056.56218197079,221.71538174862388,9,8238.391402089785,1,0,1
153,31904.361056769463,222.9786308524476,8,27742.860325441576,0,0,1
154,2912.2721498713568,17863.885085846698,3,562.0920492701529,0,1,0
155,3269.712124295706,54726.404979064144,4,632.6098451964548,0,1,0
156,4455.123189085577,6190.212409608405,0,2578.9306561957424,0,0,0
157,331.43800567562323,53204.680508239704,2,390.6165344906421,0,1,0
158,3943.3148423706707,44310.63970679694,3,1385.5472406513084,0,0,0
159,1243.915995815215,31020.843679061916,3,272.28383279487053,0,0,0
160,4021.501606038868,66679.11690521751,2,876.6165345409839,0,0,0
161,3649.1873734566343,30254.030697080852,2,2641.7483744957844,0,0,0
162,3531.0613571876497,53257.34146300967,1,1042.2488399745284,0,1,0
163,4061.9294820338487,19349.518021612686,1,1027.330809620284,0,0,0
164,1407.6325566297994,56656.392020365805,2,74.96937145652089,0,1,0
165,565.1012832799544,52956.555929500864,0,1725.208381122835,0,0,0
166,1318.0886208200432,67247.86524215333,1,2214.181136435174,0,1,0
167,2304.7465343536505,42982.740306883374,3,1484.5860056589818,0,0,0
168,2291.202852929064,8293.183031903038,2,673.797797740527,0,1,0
169,3470.6992726983467,3397.4407411916145,1,1138.881475555129,0,0,0
170,4699.461678737925,4494.744707039979,1,291.3686399094613,0,1,0
171,4468.516438317397,65566.40258048309,1,1480.8889290112586,0,1,0
172,45143.16730710374,102.26434569672604,16,27904.20940445532,1,1,1
173,1270.6723309657414,46114.032146786354,2,1269.7237349656957,0,0,0
174,86231.99523012742,147.3110091537485,19,18025.85626167468,1,0,1
175,66013.5829906296,186.65072016306036,5,50280.40202358842,0,1,1
176,4831.515634231869,24052.997174247488,0,1306.607488532621,0,1,0
177,3972.7011099174965,3486.0947594922523,4,1811.3284646452,0,1,0
178,4163.039842210348,10254.562919368549,0,1652.6903677470932,0,0,0
179,1710.4496674517338,62431.82398017664,0,747.3136593592,0,1,0
180,883.4002618468213,34919.84519943961,2,1884.0897332303068,0,1,0
181,1575.322077780068,68074.98526782273,0,2734.6675017604575,0,0,0
182,3783.229560860519,26313.201976846372,4,719.9091650142512,0,1,0
183,4636.203936612223,9872.690735685315,1,2565.312922514126,0,0,0
184,1802.6998718512086,32572.536336518253,4,2636.3533158391842,0,1,0
185,3179.1669586779612,33127.144394640236,3,2911.985391600216,0,1,0
186,2905.2544953808515,66732.14919701609,0,2509.977643352737,0,0,0
187,58.96862992474344,68401.63743869988,1,1962.752443280767,0,1,0
188,3478.4611221936248,49920.99129172323,4,118.95080361005297,0,1,0
189,1421.8472738314458,47157.92108105606,4,1992.1602985607367,0,0,0
190,59457.72759209417,173.48550328456702,8,33897.79272978294,1,0,1
191,2535.545558845642,12452.3202498238,3,1023.0438954087831,0,1,0
192,112.56072473060196,16104.926280070596,2,975.4614458653155,0,0,0
193,2396.3737471246554,42698.71772867477,4,2341.9459430828206,0,0,0
194,428.6117685333814,21346.211278680785,3,233.53307863352993,0,0,0
195,3266.677312537111,21057.829866008273,0,2254.498630481042,0,1,0
196,1011.7161542149896,12782.380385692773,4,358.88031746496733,0,1,0
197,262.86376359085,635.1121639112932,4,16.709801375067777,0,1,0
198,1771.185271673386,52923.122934704246,3,2607.8993687875586,0,0,0
199,1150.9720852753387,20674.04830843761,2,1373.0362185574754,0,0,0
200,1134.0935941720388,39965.753378651,3,1707.6204127399337,0,1,0
201,2568.8748619585135,66264.05501408322,0,2187.4604694959626,0,1,0
202,85694.31603926499,279.9470139648148,13,74477.15958217758,0,0,1
203,87596.13657161794,131.8290946753699,16,6761.2173557686965,1,1,1
204,1977.833845010974,37822.12606855638,3,2097.485055837878,0,0,0
205,4315.926228985693,28120.210166288907,3,352.3426080462195,0,0,0
206,769.474009137159,50954.38287640736,1,1873.1469342861094,0,1,0
207,1560.1412195339856,28202.380743462698,0,215.3946015618139,0,0,0
208,2350.6185922509453,28648.375863329416,1,1643.790801655685,0,0,0
209,2620.0148064922655,49344.730950813144,2,1286.008801537518,0,1,0
210,3442.8210581172098,67824.62078200544,3,1019.7766533094423,0,0,0
211,372.0966468435473,34324.69189883709,3,701.1696788727633,0,1,0
212,2454.630786218185,57081.74991549678,2,2836.8723827381227,0,0,0
213,2959.4833938648026,55929.4350321131,1,2032.2834469161055,0,0,0
214,4092.2606605497203,19516.98107066034,0,2598.6796007712855,0,0,0
215,3431.695720613805,5952.239632860006,3,267.4949858982077,0,0,0
216,249.86344028759453,4437.577257944151,4,1679.2264072927585,0,0,0
217,4781.762531195104,25424.85616768122,4,2180.197582087728,0,1,0
218,3455.3612622367245,42946.466245553594,2,558.7621694188448,0,1,0
219,1356.8237349842368,15975.212568830892,4,64.18749517263777,0,0,0
220,4871.1193126592425,39251.246891367,1,1701.0727596762547,0,1,0
221,220.9846877799584,38150.65244741537,4,396.6041031401029,0,1,0
222,1634.4274525719375,27651.763441546864,0,1463.9207811162332,0,1,0
223,367.35431932394624,42162.88486059534,0,47.30342378997648,0,1,0
224,1313.8512432018467,33063.51506134331,1,312.46861161598326,0,0,0
225,2591.360002741679,14427.046075086786,2,1523.936068852883,0,0,0
226,345.6949670556881,66305.47332917208,1,2144.291936344706,0,1,0
227,10684.709457683635,9.004365125160302,9,28580.481818824148,1,1,1
228,4525.023239208572,14651.310880688949,4,361.16974178212575,0,0,0
229,1615.5604759970415,39448.402723438834,2,1561.4848720275468,0,1,0
230,2118.967167069621,26482.601827050003,4,1826.7757311973976,0,1,0
231,3048.150905127318,24781.715188858812,0,1715.5732145315628,0,0,0
232,224.37753905324334,9866.422516002762,0,2455.371300165735,0,0,0
233,2835.3268193104273,12190.957661413868,1,2840.103830375969,0,0,0
234,1489.2679002570594,49061.697032338176,0,1763.8443573030402,0,1,0
235,4903.66208449733,1381.9376943531274,0,1167.113082892859,0,0,0
236,4590.313877183881,33540.83158266658,0,941.2825221158254,0,1,0
237,4323.007961188773,7204.658273355252,2,2272.4898981395445,0,1,0
238,4805.772805942297,20374.873276324663,1,1408.8751369911965,0,0,0
239,4276.981349443395,17958.749568126605,1,845.8952943551794,0,1,0
240,3106.31025199681,2979.143092492598,1,1086.1116313188586,0,0,0
241,3933.8215942060297,68911.18678737873,3,1680.3209325971268,0,0,0
242,2429.5144237363043,36289.40945484463,4,1028.961178338307,0,1,0
243,2596.143483160021,51773.010844063705,3,254.3972667608936,0,0,0
244,239.80883707688082,43587.23727833388,2,1838.8483800478843,0,1,0
245,3657.0788929822047,50857.903559617596,2,2812.942366609354,0,0,0
246,4726.31398713029,9635.278655139029,2,478.50645540044536,0,0,0
247,3202.3402963792464,69308.76897579149,2,1956.965143574852,0,1,0
248,4647.588180632608,14002.746664322769,1,33.487005626825216,0,1,0
249,2897.053669076819,18921.608158632316,0,2231.284335756705,0,0,0
250,1340.4258883943369,925.298283459316,2,2641.8373665008876,0,1,0
251,4804.53619009637,40917.21703884404,3,1905.54381206866,0,1,0
252,558.2676567411712,37395.432790236686,1,139.51466679604502,0,0,0
253,3541.1086241937296,31070.724234670186,2,1891.2155892412459,0,0,0
254,2184.8205537981653,32105.296640131375,3,2258.8208415273953,0,1,0
255,64763.86444342055,6.013642039413078,5,12342.526539404098,1,0,1
256,601.0416550779056,33665.3934905458,0,1010.9281492479842,0,0,0
257,778.5346569370514,18767.96337451808,4,1109.7798495476297,0,0,0
258,1834.2001882300424,10132.243314560337,4,835.0884563121763,0,0,0
259,3598.4923505262473,1169.9038717463136,1,1927.6456740956444,0,1,0
260,3958.73932718872,21004.55760366109,0,1055.1075318812943,0,0,0
261,458.620528418489,55741.60658100355,2,1188.8138025648886,0,0,0
262,4034.9064418695352,44991.169216785514,4,727.2769834716797,0,0,0
263,2032.3279393171404,4968.975476090003,3,741.9673765108644,0,0,0
264,3920.2073778333684,58310.55040783904,0,691.7393401397422,0,1,0
265,61555.00306456957,91.47373977939881,12,58845.35507079023,0,1,1
266,1670.5641517655718,54853.505911131586,2,2907.3919663008915,0,0,0
267,2480.970566946544,51441.60021822603,3,1798.858425178139,0,1,0
268,2795.5905725291523,27822.237194008132,3,2148.243784671506,0,1,0
269,4418.560529304839,50201.14194220783,2,459.91985298840257,0,0,0
270,342.22697399037565,23701.962559024236,4,697.8985160036813,0,1,0
271,153.18594128632867,47086.57621947737,1,2562.315750878767,0,0,0
272,1806.925251259164,24819.99445331471,2,2171.7357762770716,0,0,0
273,3082.8598308262613,40393.27288668483,2,36.398230405940694,0,0,0
274,4717.975681213059,54474.97356146321,2,2452.4701088460833,0,0,0
275,1278.4563743755862,64344.779627136726,3,994.9872727523539,0,0,0
276,3246.2818947821647,54849.84184842445,3,1220.8375117732642,0,0,0
277,1937.397771494225,29517.021558881555,4,1964.3745499428783,0,1,0
278,3728.6891395947823,12958.914547232076,3,2926.2283102039423,0,0,0
279,415.27630513053026,70405.9960157963,2,123.49392620442498,0,1,0
280,855.4256515439721,14280.3967388177,2,515.5817927988637,0,1,0
281,1577.5237994457984,48701.32094696148,2,2764.3980478817593,0,1,0
282,3047.5317702260463,36202.12438006834,2,608.7838552998203,0,0,0
283,4015.4988753996763,52812.33944342856,4,1226.2647890468522,0,1,0
284,1154.1976339621883,9483.670653923202,3,624.0201113723691,0,0,0
285,4234.842826209366,55344.491729173555,4,2055.1921763276864,0,1,0
286,2450.8596782242075,34219.68255928315,1,858.1538396491013,0,0,0
287,3961.1260337772833,1074.6302783889762,4,1401.9275569653867,0,0,0
288,572.4871830138934,54817.35742724341,4,2039.2953050980566,0,0,0
289,964.5282733239853,3998.7237316382298,4,829.4167645448489,0,1,0
290,3037.120626825573,4206.469927343247,3,543.0951205019333,0,1,0
291,4447.998507588951,36945.945197710884,1,2469.1723798005705,0,0,0
292,1419.4569303687747,53423.769271038116,4,555.5286030725283,0,1,0
293,2905.943569488301,26374.638530719207,4,1239.8656125576251,0,1,0
294,1876.013411954337,70123.27735098294,0,680.1957756352667,0,0,0
295,1308.9967874801155,45810.52076362462,3,411.7806998575881,0,1,0
296,4535.449182594742,1857.6970490806264,0,936.8245584954407,0,1,0
297,1496.442819600912,47654.77391486581,0,111.12684146207405,0,0,0
298,1947.8761523170622,42612.90887484048,3,2148.1802325270037,0,0,0
299,3834.1120714107146,35665.190802822035,4,2397.19179778704,0,1,0
300,1514.1131545856063,42594.35765633699,1,2898.053507444182,0,0,0
301,495.3234945723521,14546.550951308565,4,1420.3060435754244,0,0,0
302,2647.7419640418834,49203.1541772103,0,1504.0640619178885,0,0,0
303,69281.22087052846,24.037584974213107,8,42767.92730973497,1,0,1
304,3315.1723977809984,38731.60451029996,1,657.158839023181,0,0,0
305,1180.492002498508,12679.707225707276,4,2987.6748874910804,0,0,0
306,1760.9278331430605,57851.23572212696,2,1301.5680732966396,0,1,0
307,2401.010361618248,26643.15015439278,3,2231.0043343888856,0,1,0
308,1811.1333849152302,70023.61994137458,1,2514.7454416763685,0,0,0
309,3628.0541568265203,30840.75743735164,3,2580.6039393435635,0,1,0
310,2840.6403408490573,14731.501882881803,1,2814.2586637019504,0,1,0
311,2949.180185520196,44319.94384108941,1,77.26990313393352,0,0,0
312,4651.442459638884,61653.75958648945,0,379.25995287879414,0,0,0
313,2157.345877516062,62282.61567915789,3,1771.9471165299346,0,0,0
314,74.4633692690763,35448.375291914126,3,981.5693918479819,0,1,0
315,2255.4105123126574,58787.76230289378,1,1789.368112620257,0,0,0
316,2722.4672594309814,23599.75800853114,2,762.5435637024997,0,1,0
317,3814.177323648316,50995.7799049928,1,2261.2890408898193,0,0,0
318,4366.256879704278,7204.131333155492,3,2813.061149126556,0,1,0
319,2909.335964750445,36151.954652669774,0,1071.583540253651,0,0,0
320,2564.6725901255045,27425.475583823867,3,916.378650840342,0,1,0
321,93900.11945872963,258.2239926079218,15,77323.95717189828,0,1,1
322,3208.1457386384036,17181.67176784672,4,609.1742796970358,0,1,0
323,1328.860020212767,11660.310719076151,2,2610.494915592335,0,0,0
324,3078.155887099288,24072.415357247948,1,1009.403851892253,0,1,0
325,4250.0383812755745,19005.262922018435,1,2180.853453276689,0,1,0
326,3081.064383118909,42326.12688219166,1,2617.5295322722695,0,1,0
327,4463.345347587216,53126.494569568546,0,712.8267498644663,0,1,0
328,1052.6407652621456,18948.237036249287,2,1091.117277534124,0,0,0
329,33513.027676809055,201.6897203681514,14,49688.64922169932,1,0,1
330,846.893802089743,55534.62908523917,0,1268.3201700071224,0,1,0
331,667.2395063440662,27063.499435815673,4,1160.846703191002,0,0,0
332,312.39575081683773,60226.34289789798,0,1958.6502836031664,0,0,0
333,2455.019637528507,3627.1639992586834,1,1071.3533269813367,0,0,0
334,723.7318710073084,23995.960867461392,4,166.6348033488702,0,1,0
335,4498.655170646564,58543.75484513044,2,2304.821670374195,0,0,0
336,1118.3936619361477,16455.999035142217,1,1781.3254162705368,0,1,0
337,2948.228194950711,68173.46891672914,3,1962.7524606477307,0,1,0
338,4411.221508978129,32057.97357384364,2,308.2262455354813,0,0,0
339,2231.984434366916,21573.84404942781,2,1416.348117703515,0,0,0
340,1225.4141795135151,65376.51286779297,1,677.3399946292309,0,0,0
341,4688.620708816606,70420.14191843443,1,1460.067107375712,0,1,0
342,2044.6500727423922,53738.87993242332,3,1201.1623589443955,0,0,0
343,725.7419215091556,4536.120821666704,4,2427.106672866692,0,1,0
344,1204.9246817815722,62381.556348734586,1,2021.1322688137743,0,0,0
345,2594.960504488104,61135.98978491514,3,2460.48892757463,0,1,0
346,17058.23161799572,79.77948988945654,14,7557.980401007626,1,1,1
347,997.9220462618671,37961.151436299995,1,72.3410445239922,0,1,0
348,4330.469189813805,7624.374699146812,3,2231.2277308198923,0,1,0
349,1627.0924149701,64662.52207585885,4,207.10384831056246,0,1,0
350,3816.4555240124623,58495.85436054459,1,2899.543639762292,0,0,0
351,4869.17580368559,29891.92667325119,3,1727.8242728499006,0,1,0
352,4472.156666876392,47659.37017167678,1,2648.4043607234485,0,1,0
353,1439.4729235705424,12970.57537135912,0,1542.4193806340566,0,1,0
354,97.121260238416,22240.987572325957,1,2231.0508166416807,0,1,0
355,2828.0135069920498,30078.551061397306,2,146.4229524513791,0,1,0
356,1897.75079126742,63426.55877883271,4,1315.1896978697998,0,1,0
357,2785.451089860484,62934.08500449139,4,964.4916893248334,0,0,0
358,3809.326373218532,58605.97679581786,1,458.8448518875046,0,0,0
359,2740.5532902249784,57956.95651354538,4,2823.434581573024,0,0,0
360,429.0792664050639,50292.625178360235,2,662.6252768903446,0,1,0
361,4016.418196232068,48748.77235160107,0,985.4406125267401,0,0,0
362,1528.9139450933853,17195.194678277392,1,1933.8416353481762,0,0,0
363,53343.39734192462,35.90121954716031,13,26185.3820523687,0,1,1
364,1352.3334661227366,8542.570045421515,4,368.1748726838123,0,1,0
365,1858.0379569152738,9315.258797643004,0,83.11237595048038,0,0,0
366,47828.91730820692,247.66918975231334,17,27821.294855590277,0,0,1
367,1199.6835269162352,33889.895852215894,4,1554.6515114003737,0,0,0
368,4422.261547445735,57873.66755654122,4,1243.3449742355556,0,0,0
369,4614.770898175936,11499.719418855926,4,2046.9252330212269,0,1,0
370,2537.6415568802404,12965.447841026733,0,939.9950237706128,0,0,0
371,4475.90755167277,29500.129164910442,1,2873.359786358815,0,0,0
372,3511.184125738398,48037.795460213616,0,2926.635814980306,0,0,0
373,2013.8284011526732,40948.76449142365,4,1552.9681029346198,0,1,0
374,2025.5349588762242,34996.2627917333,1,1408.6965900909956,0,0,0
375,97429.66921359602,98.65773940777298,17,25068.037525832126,0,1,1
376,4423.8644947416615,42846.410194864155,2,1465.032515324096,0,1,0
377,4983.844983727355,38282.74883065347,0,2252.237573058064,0,0,0
378,1431.2445887044564,68421.24160967849,0,603.2004333033822,0,0,0
379,39264.05144607648,265.9606644858502,5,10553.093978128987,0,1,1
380,1526.1640048226914,22633.47526907809,1,2731.099253486206,0,0,0
381,114.08412014417058,1966.5508099101864,4,161.6680817249966,0,1,0
382,2266.8486631992905,63170.043758339874,2,1168.5242887767233,0,0,0
383,2177.2558071346807,36756.1155600599,1,1098.7889035127137,0,0,0
384,4473.794937640395,53164.71532128183,0,775.7693367898321,0,0,0
385,4066.5270042314546,12053.635656432936,4,1544.6098067331557,0,0,0
386,4374.071726180965,52586.17664422266,3,13.11142258216183,0,0,0
387,217.04899158163045,29983.51479083947,0,2967.7699406944334,0,1,0
388,3870.334231637059,4697.027749496066,4,2768.596128979846,0,0,0
389,3451.52350216716,3621.7810630665285,3,300.06763059336157,0,0,0
390,40484.41441962098,92.81055004068152,7,54441.94730205841,0,1,1
391,395.6599074806491,46242.32915513497,1,1421.4074172181495,0,0,0
392,25983.65990096912,93.5640280228386,19,27301.470723823237,0,0,1
393,1100.1033064421642,65210.96344680008,2,211.68289782641,0,1,0
394,1645.9753511548013,67946.01434235329,2,583.2305027472697,0,1,0
395,3968.7310005365025,2941.4783825752006,3,1824.3935110585044,0,0,0
396,1545.4206794327247,9717.255227157339,3,429.2030937735154,0,0,0
397,3485.4595206299205,15176.050289079067,2,330.2641842727365,0,0,0
398,1165.9623755991106,27620.068367683707,0,1471.1807051781084,0,1,0
399,1548.6926333045187,44431.44493960661,0,2096.062340727409,0,1,0
400,3302.1542706006603,34043.92754772749,2,154.27523368598648,0,0,0
401,2328.1849669828284,41721.83979169043,1,218.99818154061882,0,0,0
402,632.870789422054,21101.79450140692,1,649.0781512826524,0,0,0
403,4548.893117899852,3003.5313737291895,1,2097.1928673023217,0,1,0
404,3358.173668396981,21007.95022966922,3,2809.7585339611187,0,1,0
405,3663.356442328944,56375.77364780739,4,2620.6275177267225,0,0,0
406,3420.4411793767363,47073.73677224468,0,1935.0431401525107,0,1,0
407,51602.811892908634,33.61787001579092,12,16803.905485170086,0,1,1
408,74353.33208942424,172.56373944797392,9,55195.33677090218,1,1,1
409,3323.9981408294184,32459.403243499135,2,1963.417470442707,0,1,0
410,3786.0446797343707,24369.626938695772,2,693.7553524241754,0,0,0
411,3267.8964553949477,47070.83177316962,1,672.0239763875384,0,1,0
412,2139.7542621822513,65891.33475027324,3,2398.2398129979088,0,0,0
413,4799.40437248296,67598.90598753539,4,1425.4385880064633,0,0,0
414,2487.3215504893315,53455.97509028414,1,1001.6612752926563,0,1,0
415,75241.10107443923,236.6848242043952,17,67387.86279743274,1,0,1
416,1382.47640891548,39633.63414350584,4,2750.9183209011658,0,0,0
417,2667.68513136908,8142.082065967688,3,1527.2980348839442,0,0,0
418,334.43927944862116,53026.87689296656,4,2784.1834727484074,0,0,0
419,945.8817617332621,46922.47925914919,0,1539.4374327471037,0,1,0
420,4342.803001109845,13260.598703628459,4,2678.1200986317244,0,1,0
421,4952.537486188251,19161.246866751157,2,2780.1263767524188,0,1,0
422,1075.2674817195182,47728.20120944034,1,2497.4758807009366,0,1,0
423,3427.4446229949017,55925.88428031666,1,2280.667646555878,0,1,0
424,210.9103258903803,45088.83073318423,1,570.0189783687198,0,0,0
425,23281.929440770644,140.874244748256,7,36535.11635933436,1,1,1
426,56352.58271075764,72.4248553522479,6,23437.277830134688,1,1,1
427,3657.042052441891,38802.31491785109,4,1132.5388926161188,0,1,0
428,3021.461418988687,11453.404916748452,1,2118.783475743333,0,0,0
429,1239.1696544901458,15319.884955425801,3,2975.038174642364,0,1,0
430,2163.0187884265933,33699.118438936996,3,630.7864193943346,0,0,0
431,434.0366490639647,7072.0073724446,1,621.5471078611772,0,0,0
432,4239.723788675735,54259.68304763648,2,231.68968907014494,0,0,0
433,3229.385005741707,39931.552865375175,4,947.3677883034486,0,1,0
434,1376.087157617159,34968.030469132245,3,2412.432278219895,0,0,0
435,4289.772983388849,33248.769285672286,3,1309.577386508906,0,1,0
436,3829.196640842993,52821.25767695899,1,2872.5618263734195,0,1,0
437,3407.388009311427,45350.30457388885,1,441.50733441262264,0,0,0
438,4471.575417586533,22011.063971402866,3,1105.6544755039101,0,0,0
439,4087.5509377756775,32157.083564276934,1,852.1796993456189,0,0,0
440,20568.894222051516,50.200083200226665,12,52836.4951198307,0,1,1
441,4926.051400389409,7429.9360326631895,0,1688.4397966608103,0,1,0
442,25484.28089889086,112.60537753592405,19,66744.74540809434,0,1,1
443,1213.7666985767878,46913.253994215214,0,722.9813788516353,0,0,0
444,1399.8636851059216,47817.68067812306,1,379.4324736958475,0,0,0
445,3776.425700981053,55362.339552670484,4,1763.5823522865526,0,1,0
446,3498.7988074898085,9165.265250810915,4,1676.167007812175,0,1,0
447,77143.36665782242,286.2285958495515,12,16279.552033140633,1,0,1
448,1587.5122116511818,66658.76016619138,1,1189.3062069943483,0,1,0
449,97934.20627379978,102.43954138446159,5,58753.537446546514,0,1,1
450,614.1630332905519,67996.3756281423,3,325.03644626535873,0,1,0
451,3020.7713527420524,34564.98646158021,4,670.035075909371,0,0,0
452,32271.320949787856,245.62116919828628,14,47921.27291329924,0,0,1
453,4900.060157373035,42076.00206410602,4,1353.3320674818772,0,0,0
454,1782.1556335406083,6818.710721338947,3,1157.1258306875445,0,1,0
455,3940.967684294074,15907.904701998414,1,568.2106289844476,0,0,0
456,4153.778917396434,27752.807237097408,1,684.6199884875207,0,1,0
457,347.2126688186754,56970.814237828105,2,1493.6013389134491,0,1,0
458,3726.497020725665,51589.093360434774,2,1264.029301468879,0,0,0
459,3416.517493826112,43497.47610935585,1,469.4237566967666,0,0,0
460,502.9057397633081,14653.324316322105,1,402.6024545125046,0,0,0
461,470.5534923773663,55511.26011503834,4,640.2893666911611,0,1,0
462,1432.0461431675149,46291.64227574383,3,2529.0525107763865,0,1,0
463,487.60349938960286,40314.58821243168,4,1864.3130881236118,0,0,0
464,288.18849360228734,64927.354226608964,4,1810.103433820286,0,0,0
465,644.9049464682766,69792.41158265117,3,1323.971445032669,0,0,0
466,4648.172606935115,36763.800541602315,0,1351.1597549787346,0,1,0
467,1048.2952263220438,43143.7956367161,1,465.759820639723,0,1,0
468,1112.80341113842,4307.910873717947,4,1005.6130231752326,0,0,0
469,708.9428265162633,56142.84076390937,1,1118.836973534651,0,1,0
470,389.6758850821636,54668.81720193729,0,1381.0942557685473,0,0,0
471,90695.9179567956,265.7673426461904,9,10874.772816667464,0,0,1
472,3688.6964986066077,15460.871061337779,2,1539.541127800262,0,0,0
473,2492.616368944652,54577.720878801505,2,1409.4773888210764,0,1,0
474,4954.600832458619,68583.90099052289,1,1394.6166458507876,0,0,0
475,1659.717186130796,24724.91596993926,2,1515.1142797397947,0,0,0
476,1372.1878334742576,58824.7713350098,1,2041.2075209499837,0,0,0
477,3045.5184934542644,66036.74326784603,3,162.82440467759338,0,0,0
478,2165.7054333845704,16428.719244826698,0,789.0051496381562,0,1,0
479,2589.0507335853417,12129.949101556753,4,1086.629354815775,0,0,0
480,4616.911989821742,48865.04423167742,4,2227.6064667319015,0,0,0
481,1429.0811206228234,12844.494812898081,1,1458.582661283112,0,0,0
482,288.8244800502693,12120.918677593261,0,2320.2526370792493,0,0,0
483,936.521446590268,30864.41529854617,2,152.88009496135126,0,0,0
484,225.06247032485322,68243.5583734382,2,1097.2007628131828,0,1,0
485,48543.540595845494,171.69826746214528,13,25476.52049859794,0,1,1
486,53910.83714940716,117.72272749326788,11,34181.78010060996,0,0,1
487,2135.1298336242285,39852.19393253314,2,1334.5247254275662,0,1,0
488,1009.8108307912502,40729.2999291345,1,461.8907500879599,0,0,0
489,3584.4060245161813,62606.72100917935,2,488.39278514365435,0,1,0
490,2362.4573377375955,3871.218216795019,2,748.5854054712315,0,1,0
491,4382.210619013348,2775.9370033711184,1,524.3910155030097,0,1,0
492,264.25202383783153,17392.753586285366,1,1961.274376965787,0,0,0
493,3355.8058191813916,70056.04601087292,1,1670.5338568955904,0,0,0
494,1471.850717131283,48453.22005128418,2,2980.090772501615,0,1,0
495,2502.3749018727667,67151.15412110416,3,1437.2860244329256,0,1,0
496,4588.922548900797,32820.68269391804,4,2750.2466871880097,0,0,0
497,2539.3819475966084,9889.173194953904,0,2776.556878536626,0,0,0
498,1775.9416384857939,51769.07880092476,4,980.6204783323931,0,0,0
499,3500.961975597739,54904.9388316298,2,732.7588285480442,0,1,0
500,4646.506385684486,31730.094910541273,3,102.13503954071925,0,0,0
501,4556.518368141783,51041.684775448615,1,2500.4427546573916,0,0,0
502,943.7971773183021,33481.35332897451,3,631.534777537886,0,0,0
503,2994.3191025957904,15573.336825114082,4,2082.3156881852,0,1,0
504,64855.17075595269,161.6171277613884,13,16554.400881540314,1,1,1
505,4303.156524933235,51344.64033859209,1,1579.2578094776222,0,0,0
506,3794.1658087499554,52050.27155038347,4,489.15509478031856,0,1,0
507,4403.513852935402,40853.97102585245,2,833.527770140644,0,1,0
508,4450.7701292849315,64837.990014850984,2,2972.103915903373,0,1,0
509,2478.8163251929263,12790.651904000415,3,513.9009393654885,0,0,0
510,288.5472453362452,13422.121752837156,1,207.59378587358043,0,0,0
511,4585.126956258586,50508.648427481174,1,841.3174561545925,0,1,0
512,3367.0639369971946,37355.41427315658,3,298.5100411783239,0,0,0
513,2263.4416127122154,41433.67122486975,3,2621.5556768882166,0,0,0
514,551.9139049027033,3350.27398432536,3,2069.2750521314065,0,0,0
515,75752.68363039749,202.01981724771113,7,40816.21342654897,0,0,1
516,4505.9506500110165,42326.24820418194,0,2247.212482006978,0,0,0
517,3305.2654862549634,23533.529631706642,0,1405.3174093625098,0,1,0
518,1710.5246062231188,6694.082861024303,4,2709.256415651106,0,0,0
519,4590.108843781886,41328.96606313993,2,422.07326550750633,0,1,0
520,3781.8012839664443,25293.383721110837,3,2435.713414917358,0,0,0
521,930.8236320810721,49086.277628149764,2,1543.3112981492595,0,0,0
522,3893.897115032088,6018.760194383702,0,689.7204039883237,0,0,0
523,16510.913095686974,83.2941059519549,14,31566.071649925187,1,1,1
524,4686.154061681147,21040.827158329037,2,2946.337243581616,0,1,0
525,2465.6519213306474,13047.81954438075,1,2684.6185592748093,0,0,0
526,2778.125175504569,7644.728030875365,2,2964.987674995782,0,0,0
527,1212.5539728921965,45035.45933808962,1,1268.5674013904988,0,1,0
528,1000.5245717670206,29422.99745327421,2,1138.247992997134,0,0,0
529,4582.034290470198,10966.707790127977,1,1751.8601223478656,0,1,0
530,643.0779705304461,7479.970713719205,3,1475.8690727416194,0,0,0
531,1152.9696921199989,61301.564646142295,3,704.6282613843711,0,1,0
532,2781.112859440979,37135.82757835426,4,1353.73189312511,0,0,0
533,2111.606492412396,52022.49266430985,4,383.60242301894095,0,1,0
534,1682.2039957994032,20299.42656571014,1,2229.694013736682,0,1,0
535,192.2658165243724,22423.87424012416,2,250.30845186705767,0,1,0
536,4684.409417707643,20438.14293047018,1,1401.4527509119712,0,0,0
537,3349.5148984820007,63239.65683056989,3,1192.6811706605458,0,0,0
538,3166.682260681626,17605.478991183438,1,198.32082353882566,0,0,0
539,2562.9547715347176,10615.537128911888,1,661.1428032535546,0,1,0
540,4196.941081377644,17207.262406281818,2,420.8676236478291,0,1,0
541,3380.267871130992,53200.20140079314,3,457.24727087623114,0,0,0
542,3515.709815850393,50230.51803476068,0,746.9551433238106,0,0,0
543,877.7619574747229,21875.499636010576,1,1697.109549143849,0,1,0
544,2733.080338375748,1472.4828727453178,2,33.03833341662174,0,1,0
545,2963.3725482089003,35708.28978599775,0,257.0594620204937,0,1,0
546,2848.881268509988,42397.13235052464,3,807.8548275260266,0,1,0
547,891.085123737489,63635.81839436252,4,1567.2066720959215,0,0,0
548,4097.213103341601,50604.49774158307,2,1492.51409598012,0,0,0
549,4572.264111748159,39561.59553082708,4,719.3149516579002,0,0,0
550,3319.361042429958,25040.63997189855,3,2576.698659163682,0,0,0
551,2969.4776432257077,53701.87454646455,0,2567.0371915824676,0,0,0
552,883.4470012732622,46628.49238572984,1,2736.772494859356,0,1,0
553,3667.7467371627995,46361.70456864634,4,1366.7352726722097,0,1,0
554,3559.451880156639,43403.85577245016,2,232.80491335026323,0,0,0
555,2461.4440720245007,42200.90260589914,4,2733.8082483834855,0,1,0
556,1130.4547864267488,53152.05982084876,4,2184.0463357662034,0,0,0
557,1941.6141890157464,34610.19491488862,0,2742.2691487419534,0,1,0
558,4492.682217433776,11173.597356765275,0,1130.693478927964,0,0,0
559,659.5080341736766,4046.636725039893,2,1045.5728205242087,0,0,0
560,68821.40117172716,59.751699432460924,16,69425.22701953055,1,0,1
561,3294.439301854833,46244.81388174575,2,2168.395997244825,0,1,0
562,1535.8769370294472,4164.903315559417,1,2353.932807320946,0,0,0
563,56144.67634334539,260.2077093064297,18,78531.82477737805,1,0,1
564,2749.882224319398,56376.44943217476,1,587.2972151407781,0,1,0
565,3363.196539609029,70457.06739213453,2,1507.3470500597614,0,1,0
566,1988.6965742120435,19497.25110284697,2,2664.890220819504,0,1,0
567,61521.908211933565,90.69730542339641,6,56457.707544476434,0,1,1
568,3871.3385108459006,58569.571474389704,4,2362.0953159754195,0,0,0
569,2565.490940472657,39567.49334839354,2,1051.8730865327313,0,1,0
570,96528.68338645021,71.75216778803637,11,40379.26976023904,1,1,1
571,883.535556692262,39670.097464985374,2,1944.0738586874709,0,1,0
572,52732.59130819772,289.04709861382213,18,9485.55538256779,0,0,1
573,927.2954553244043,24586.700941847706,0,817.9891252127,0,0,0
574,2157.8821241188025,50776.777429937145,3,934.8338316786884,0,0,0
575,53574.01037272041,70.42698201921831,14,12776.697232416935,0,1,1
576,12780.921382309576,145.96726610743636,17,10089.496251006927,0,1,1
577,1269.5256588422903,49772.3489339363,0,1119.3891137788162,0,0,0
578,305.3317092078433,24296.23095697272,2,796.8882762443809,0,1,0
579,1064.3022554841368,39574.99213403144,0,2888.6557071577495,0,0,0
580,3675.2583518903057,27075.324445531398,3,394.49615822070444,0,0,0
581,1323.4103090842466,65833.5305107892,3,2812.8572991744577,0,0,0
582,801.1294876290739,26334.49778779728,1,2669.4018535247874,0,1,0
583,99467.48799534886,210.30121293215083,6,44061.467489257484,1,0,1
584,3063.1865476287553,33902.93952601373,1,665.0183433675868,0,0,0
585,3473.3446881377495,42024.165966124485,4,2797.4864423595495,0,0,0
586,73566.32375050616,59.559150532092595,15,18412.31281956006,0,1,1
587,455.06748338207314,51127.58650778248,0,1980.134875336254,0,1,0
588,2760.504210954372,19506.8259197861,4,1194.9694256214382,0,1,0
589,2234.8440474845925,43197.06737066529,3,2133.750660529092,0,0,0
590,42714.5063882791,44.653045975519824,12,35765.28758243185,1,0,1
591,2088.552451511435,40876.006451947585,0,1306.6058203130679,0,0,0
592,69780.57824831808,289.7631144177092,14,65086.82494986962,1,1,1
593,2647.955916553401,22394.168884731498,3,1087.4695415339938,0,0,0
594,4727.417909033877,31108.790603788908,3,991.7527884070123,0,0,0
595,51818.351640515546,78.43582352138424,18,77149.35763754496,0,0,1
596,4323.500877250801,2629.3278821753943,0,2283.6211773719206,0,0,0
597,2791.9858617208947,15969.181406073618,1,898.6294391024595,0,1,0
598,15086.121331087543,54.775136682037065,10,77186.61251543603,0,0,1
599,4626.662909669239,49166.04797065677,3,325.1968761363498,0,0,0
600,4645.718049839511,70584.11092222811,3,2999.592507197703,0,0,0
601,3918.8517805533133,13668.260675406827,2,789.4660114379825,0,1,0
602,4710.689489257405,50399.42153339717,0,1210.0009406561794,0,0,0
603,2540.736746142534,19439.009454114315,3,147.22593024808114,0,0,0
604,1157.9990775526055,63341.77410153394,1,1382.6671916718126,0,1,0
605,15701.761916308424,259.2512058666905,12,15675.272369208611,0,0,1
606,2001.6649953685578,60491.031503790706,2,2855.753903336997,0,0,0
607,99655.44361680633,19.869055358278505,8,16005.46174207885,1,0,1
608,1444.7346752996743,59459.52639476948,0,1260.705143944195,0,1,0
609,53807.63611568878,264.91380356153724,5,16028.128284176211,1,0,1
610,4629.424813665025,6282.951744055128,0,2843.3082678948626,0,1,0
611,2102.351697649906,1752.3110200812994,3,1423.443947656713,0,0,0
612,3933.63713956817,42352.265906181034,2,976.4145625767298,0,0,0
613,1479.3473488750144,13306.704488235702,4,146.53226144952723,0,1,0
614,3309.321292383292,59050.18412355116,3,1580.3058573056846,0,1,0
615,973.8390587722938,32682.560960550272,1,692.2383227778213,0,1,0
616,2157.306740745351,66268.12065492784,1,1416.177222162137,0,0,0
617,2465.353821839268,36570.10932730212,0,1432.0916414038697,0,1,0
618,3870.7211295160014,2067.2057252274935,0,290.74345433636165,0,0,0
619,4499.110040678109,46281.48356065171,4,2168.9613993215053,0,1,0
620,3987.0209374209117,51779.73299667987,2,2547.106038308837,0,0,0
621,4010.503804658238,3215.71323504209,2,2347.1346549050286,0,1,0
622,2517.587280896392,9014.574366638639,2,2581.8033359828664,0,1,0
623,2992.190111304889,27963.370257265466,4,1821.130785503776,0,1,0
624,2162.0629503672867,4685.67637665585,4,54.792306663591944,0,1,0
625,92724.65161323655,268.63513126414,15,52851.012829044324,1,1,1
626,4260.991377973798,15560.812247218615,4,1552.0111887619553,0,1,0
627,94682.07701664568,253.11618612845828,9,52164.151470793026,0,1,1
628,4932.829902823024,41284.75982198084,4,1014.7507663674983,0,0,0
629,1058.4866018246976,18618.448269493903,4,691.6094793239247,0,0,0
630,3050.0441483743393,22543.08659053207,1,2121.4515489632354,0,1,0
631,4502.185333725574,44650.06449635771,4,1653.7468343667394,0,1,0
632,29516.42662785398,230.6112372210491,8,77148.93064031452,1,1,1
633,3337.769157683136,49579.226943544876,3,1410.4559593481933,0,0,0
634,2759.2554864333447,30487.516863207726,2,35.64651588302664,0,0,0
635,3360.0174212463835,23876.54161035282,1,1855.545428830213,0,1,0
636,3915.9025421342103,36925.51402597563,3,1644.705085446616,0,1,0
637,4508.294259436914,43517.767461325886,3,1203.6245107075888,0,0,0
638,4210.494879556687,5279.64295092141,3,2088.3800192562835,0,0,0
639,38797.269631045565,226.05138625200715,17,27251.565426343324,0,1,1
640,4940.153875649469,20182.699075454417,3,2965.4269633946087,0,0,0
641,2809.178217885808,12983.747058013842,1,865.4809288966541,0,0,0
642,650.8704598708631,4358.631403873296,1,2848.708673543775,0,0,0
643,11704.135858101312,55.54201252790435,10,44606.99950514624,0,0,1
644,58278.08198314051,197.2948829700662,12,54063.40800989831,1,1,1
645,333.57261336674435,34717.941307820256,4,374.35603137355895,0,0,0
646,4908.341245264395,64070.48836507612,0,1651.045898806187,0,1,0
647,60224.0169167039,255.67097188579532,16,47871.389957922176,0,1,1
648,2548.3669733150477,36642.022672101535,2,2837.973554474152,0,1,0
649,361.2063319861355,16736.075809306218,3,1096.1630914583181,0,0,0
650,139.07135213872806,42340.82361678103,1,2701.7934800961234,0,1,0
651,3559.668443365122,42751.61023096738,1,2411.921568589125,0,0,0
652,2846.7396894757057,52472.842556295116,2,1126.7786489665102,0,0,0
653,1045.416001470336,50576.86568881857,2,1240.767749221584,0,1,0
654,76027.8014907101,80.57681032668067,6,31939.81348337024,1,1,1
655,3411.017016892167,42287.9127699407,4,1792.408586072691,0,0,0
656,4007.3516698322333,30697.566030286678,3,1685.553542928959,0,1,0
657,903.3917772841294,44047.709385622045,3,2562.813722582491,0,0,0
658,4481.4454355909975,34636.06143643884,2,72.53766017766712,0,1,0
659,2385.1386769263463,64862.29896254287,4,213.0043096449684,0,1,0
660,170.7841571690378,37974.04857941008,4,1114.336621567797,0,0,0
661,73596.3736098177,105.53969159863396,19,49765.5956038666,0,1,1
662,3277.4580498470655,24898.13869211481,3,226.38955546357843,0,1,0
663,860.2026892966697,9619.241306652953,0,2890.680091706967,0,1,0
664,32.81409558734557,62258.74866958235,0,2899.8432288040726,0,0,0
665,71826.53198880012,131.034878617635,16,46173.182770868574,0,1,1
666,2675.0059242324924,45690.42592387879,0,2314.6923645941406,0,0,0
667,77133.44743888362,295.0937135241053,7,10774.686019310731,0,1,1
668,2239.6442381147353,63946.03491072954,1,1522.4522040516836,0,0,0
669,1479.7160688427166,39439.059234681125,2,848.5751940265656,0,0,0
670,4448.6140594078315,60951.17473120143,3,1797.9697733812952,0,0,0
671,2703.863095701149,67891.61950185156,1,1842.8606106697437,0,0,0
672,4376.724115741944,56846.56260785337,3,800.6701198487059,0,1,0
673,2658.7324732185393,53088.49226511553,0,1113.0778226910522,0,1,0
674,11.523850717785335,21154.8767082853,3,233.78894293633584,0,1,0
675,3427.048314753895,31714.36848896493,1,606.6985992796978,0,0,0
676,3452.5423699686207,21962.863474531623,2,851.5743395953106,0,1,0
677,2279.0763933881885,6003.038653138632,1,2113.972290182001,0,1,0
678,3077.1139027600752,25101.590236388456,4,498.19021257333986,0,0,0
679,4565.407016087167,34323.61321414574,1,214.3524954926094,0,1,0
680,2625.165219211245,30736.680933756274,2,1272.2205175911547,0,1,0
681,2248.674460573061,54799.63690024739,1,2661.6793978900337,0,1,0
682,2788.1126833961443,35863.24250832667,1,468.75933103629495,0,1,0
683,2882.6695792653,28395.793915276296,4,1931.43973194143,0,1,0
684,4491.5947747237105,45638.24507629089,0,2912.4020433456035,0,0,0
685,4057.3030378978715,60567.600572049254,4,1195.9042017221334,0,1,0
686,319.1144231495922,18112.948964074858,1,2875.9652378071796,0,1,0
687,21139.92727935464,142.13999629378762,17,70527.91406006631,1,1,1
688,2083.799501773102,49282.630241554805,2,331.9718663423145,0,1,0
689,61084.74090934339,136.54002161094553,10,24893.886401403728,0,1,1
690,3497.267616974845,24346.76418458963,3,1879.7601079257347,0,0,0
691,720.4062103270467,34502.34218569625,2,1115.5248543009345,0,1,0
692,320.40420790106003,11088.996192724526,0,2645.480918931501,0,1,0
693,2939.819323024241,47622.0617934137,2,1230.551744789498,0,0,0
694,4679.271206252426,22282.56071394498,3,2343.742566433934,0,1,0
695,45951.041899316944,288.7726748258648,14,60481.396337357444,0,0,1
696,3394.4691835520807,68307.09756574592,0,45.64955356269725,0,1,0
697,911.9038348455717,36861.241446064654,3,2406.5888727841084,0,0,0
698,4226.340058963766,19423.8267438344,3,2051.4543952039357,0,0,0
699,2089.9880236354493,32169.412376994344,3,1833.0012475826925,0,0,0
700,1190.2650559205183,63387.992231878896,3,42.774838417269905,0,0,0
701,847.6663871575741,41347.2932864183,1,876.9661116983395,0,0,0
702,88519.1576960892,133.04592046792575,19,5775.199563280782,1,1,1
703,200.5266144686194,8961.640953687674,3,2609.2437384430714,0,0,0
704,1405.202188260835,5769.063040320377,0,1081.85227580278,0,0,0
705,3175.6214977263658,7131.5165943168095,4,396.98775562373623,0,0,0
706,1976.263013311899,12085.784410530858,2,304.6781507110036,0,1,0
707,1736.1291681445437,47168.41877322187,3,2825.895951894057,0,0,0
708,2075.801996771722,65769.17932655307,1,1539.150184601999,0,0,0
709,2502.569324530428,64873.060723287905,1,2649.1749074749205,0,1,0
710,1958.7447466117758,57750.45676823316,3,2497.533357521439,0,1,0
711,4062.1565456465682,5490.739864258322,1,596.4322567049397,0,0,0
712,3819.076833356189,25445.536564919683,1,2215.3379086303134,0,0,0
713,4800.941110418378,65941.64834373578,3,497.15544256595035,0,0,0
714,59799.608466944264,49.04831870886362,11,53825.4822579703,0,0,1
715,3334.8369947179735,28057.77629915857,3,2475.183552889935,0,0,0
716,4819.093665865388,18632.963225913412,0,1361.2713960190945,0,1,0
717,4840.455426884066,13303.142198599551,2,2828.6751186524334,0,0,0
718,699.7841192637399,41522.62208555878,2,330.76019448766397,0,0,0
719,4160.989604245816,18828.36731856761,4,73.15156242122788,0,1,0
720,316.17697519919034,46362.92627121929,2,2029.4836392304906,0,0,0
721,3593.4910307045766,604.3161922382648,3,1473.9717880314786,0,1,0
722,4329.547334422059,14777.11040224427,1,658.3922169387455,0,0,0
723,3477.8937321426242,15068.78825730135,2,2910.929438245103,0,0,0
724,2278.663895204577,961.6321633919558,4,1192.748236555836,0,1,0
725,771.2598279917282,869.8747800209921,0,1228.6276783118958,0,0,0
726,2029.4445355351063,37208.93132119319,2,1246.4077742966272,0,0,0
727,1710.4248666293645,21309.911977473927,2,1748.3566303113882,0,1,0
728,895.747898038121,6337.603502826294,2,2922.193324268906,0,0,0
729,59615.23473626249,83.24016913246659,18,79918.15317029814,1,0,1
730,4468.086816595953,12423.749720370442,0,1320.7130862588513,0,0,0
731,2757.027485508548,62042.73060247783,1,1728.8032169343921,0,1,0
732,60616.32327385444,119.92770375132258,11,15109.200982220287,0,0,1
733,3871.3081255322677,49635.11750863568,4,2624.9090377639236,0,0,0
734,355.05950065084437,44171.16757240691,0,2318.4130240307304,0,0,0
735,4558.900921013664,4907.17420606035,2,2226.1039305398454,0,1,0
736,31.95580190060325,27746.12573516853,3,1890.0742111571112,0,0,0
737,2068.954936006719,55071.48565653684,1,1742.8344766156863,0,1,0
738,2328.082709058025,41137.758748709755,0,1583.5108590808443,0,0,0
739,4470.113839693431,2526.3389049184234,1,1609.4214191697297,0,0,0
740,2051.0301848289523,67864.45725677897,4,2662.335573534719,0,1,0
741,687.2422203430748,5820.303143589957,0,1711.6797841256,0,0,0
742,1954.0952522698926,45226.34314056504,1,494.57685207421787,0,1,0
743,3773.4531667650645,53517.47216024849,1,1336.6677416464618,0,1,0
744,3871.6071892097325,30966.865852471725,1,495.15966485593447,0,1,0
745,174.69985725948908,18379.675731990912,1,1439.5809553613049,0,0,0
746,4908.132598350211,13673.633690704664,2,1354.6441516128568,0,0,0
747,62069.73801120758,199.797461269117,15,48248.85769347949,0,0,1
748,1274.634603783646,9845.189974955034,4,881.0361151636416,0,1,0
749,222.22808275705486,18720.498683722988,4,2034.9580885243004,0,0,0
750,2650.653469604797,7468.214340408855,1,1097.4876779247204,0,0,0
751,2366.6132118191426,38998.70682585553,4,1225.7173744048775,0,1,0
752,4685.164864725562,68860.42206907268,3,768.7887489379655,0,0,0
753,4235.971200832639,63001.32554181351,1,2456.8674237500904,0,1,0
754,2273.6887462910736,3393.514077757592,0,1793.9213843301611,0,1,0
755,1212.49079275785,55956.16414269792,4,2258.7690762048255,0,0,0
756,4988.33838295977,61430.6651537682,1,1036.0753681025824,0,0,0
757,3455.447726406545,13966.121736620093,1,1951.7115857424033,0,1,0
758,4290.020136251944,41326.7367146712,0,515.7366249515906,0,1,0
759,3990.255706803059,6682.807909733172,0,2982.466154927751,0,0,0
760,2020.8277401202051,36286.28833594444,3,1935.9157461773814,0,0,0
761,1439.610769855898,46714.53447830911,0,2088.5938119795223,0,1,0
762,93236.11994566137,29.679011260036233,11,63523.39059143052,1,1,1
763,4822.686916305311,6151.686215997262,1,2951.977440180779,0,0,0
764,4129.774316613762,28103.704166415162,0,2187.967457180539,0,0,0
765,2168.318891345857,14404.489650528938,4,1867.0911472165697,0,0,0
766,49530.5428844327,13.307623165142475,14,12412.244399126965,1,1,1
767,2673.236540347102,53704.248064799605,1,848.5223147395986,0,0,0
768,1665.9841385046166,61703.620284812496,2,2621.887501965654,0,0,0
769,2446.457091779804,11061.137865885037,3,1773.4035137084127,0,0,0
770,37.00127427784736,21962.589877795228,0,18.36895716703919,0,1,0
771,94406.94691799348,161.4847999836388,12,57059.798285734745,0,0,1
772,158.18720931003872,48030.49490932714,2,2486.4811851928994,0,1,0
773,46614.84794110184,98.1588437455368,5,6384.384268645952,0,0,1
774,4953.462148292494,5914.152965364519,4,115.26705319287852,0,0,0
775,80457.89881501037,243.4461848718295,7,9285.77737458529,1,0,1
776,1190.0041331069385,57546.68439049883,1,1748.0890405051891,0,1,0
777,2006.5708387977097,49912.242938997864,4,1178.8898093295356,0,1,0
778,4589.061653219665,70812.56910131389,2,501.68043719611165,0,0,0
779,520.2795412621724,65609.4714938225,1,984.2629662661557,0,0,0
780,4216.221934454923,2242.874162606264,2,2267.158884934946,0,0,0
781,3995.104531421706,30791.962268732037,4,581.5045168205849,0,0,0
782,2714.140586904881,8977.700496087831,3,977.4040780189,0,1,0
783,2238.549892991776,13633.199306042134,1,2807.543310907355,0,0,0
784,4361.278023240208,1566.5501068030053,0,751.4410846835302,0,0,0
785,2749.973487550928,6125.35255583397,0,724.3126904861015,0,1,0
786,3965.9874393366927,39465.24338027657,3,1422.9211026465343,0,0,0
787,392.9742891431153,34059.06555763294,1,1472.7728579751413,0,1,0
788,3532.4977090392194,45119.11579989671,2,1305.4207980501662,0,0,0
789,3635.0117585301286,65571.87841909088,4,1902.903067666119,0,0,0
790,280.90439174650146,10759.274211013562,0,244.51664523934997,0,0,0
791,2855.6088981438943,70513.36603204021,3,2835.3818335769242,0,1,0
792,125.75008607675383,30078.565116763235,0,2641.259180561528,0,0,0
793,66751.97647353672,7.999103121309357,9,10179.396831738792,1,1,1
794,1799.3056669896944,68358.09207487169,3,2595.1233418996635,0,1,0
795,4252.282500501524,56264.592147780444,1,2218.2899932346386,0,1,0
796,2130.1085464591406,20613.3527161695,3,2697.2305693553735,0,0,0
797,4829.771702577834,14870.216440100501,4,741.595208409179,0,0,0
798,4121.385732102557,68242.28175591058,4,1897.9260285164262,0,1,0
799,3828.4775364518196,26899.527292614315,4,2384.26942083686,0,1,0
800,1269.503369767423,30457.284500180293,0,1062.5319668604486,0,0,0
801,996.4599418798829,27322.089317941663,3,2244.272789426464,0,1,0
802,3146.7193050525666,63388.404824548394,3,945.9628653069573,0,0,0
803,874.7947323299172,39932.40455164408,0,1631.1672712273894,0,0,0
804,525.956787533436,40900.920729420235,3,2835.185896387906,0,1,0
805,4561.39146198577,17467.020903237084,2,367.6012961972545,0,1,0
806,608.662633929549,55385.9922649371,4,906.2203522399884,0,0,0
807,4329.218625431461,58886.56692123366,3,1866.9203764818835,0,0,0
808,117.76613711554506,28640.448004886268,2,2183.88527927566,0,0,0
809,3095.861731728401,65498.068183796284,4,2552.920271688233,0,0,0
810,590.9974011358175,37284.558069045015,3,679.532669031376,0,0,0
811,3554.057118561058,47315.7546111826,0,1100.8494440965328,0,1,0
812,403.84119662398047,29930.525872251357,0,2620.90173593558,0,1,0
813,138.49819939774554,39253.316313662435,2,1832.99013441106,0,1,0
814,75172.35823112173,226.13925685776152,7,47256.69519589852,0,0,1
815,1537.8857131571865,46694.323911315,1,1103.3393763447868,0,0,0
816,577.4257402545613,12124.708148874492,0,1073.8851719520167,0,0,0
817,273.99823691994305,56066.264804833496,2,176.65587208889198,0,0,0
818,471.9451029681166,20182.16677404186,3,326.10201067837704,0,0,0
819,1876.1832835076925,41031.33889011691,2,717.223240504569,0,0,0
820,3010.7213930218954,1028.4113385140558,3,378.3302495760463,0,0,0
821,4233.791262403378,26729.486096030207,0,353.606908835896,0,1,0
822,2630.057847818609,32398.822615107,0,1521.669872298017,0,0,0
823,2319.0532469338928,6435.366339568003,4,1410.4512629734259,0,1,0
824,3174.8345737094073,10693.893636215978,4,182.9579236546113,0,0,0
825,1225.6418585998488,15497.599917189555,0,2711.1564718441623,0,1,0
826,3199.638751294186,70925.12921606707,2,332.50507887215343,0,0,0
827,842.9343129598434,19495.238620059758,1,252.43503147967309,0,1,0
828,13855.281425418823,200.03021861794994,19,58791.280466787735,0,1,1
829,771.7394878340248,42132.63581560749,0,483.0950778734289,0,1,0
830,1054.5050195516467,11292.371530185756,1,2480.23731029698,0,1,0
831,85388.65232288823,254.7673359248979,18,31887.46271765843,0,0,1
832,2959.762977061792,30520.08670491402,2,1741.7778464485384,0,1,0
833,3484.8201600316265,3433.0774966727113,4,2128.789091342186,0,1,0
834,399.05635557438046,53996.10778065323,1,692.4565296629609,0,1,0
835,2031.83196314411,69796.99053705837,3,976.7406621656061,0,1,0
836,3723.835811406366,50842.260369507676,3,1937.5362067904312,0,0,0
837,2641.482133989845,64311.629044944704,0,1984.8269057915443,0,1,0
838,4632.402487861138,26589.41965361361,3,741.3389290645553,0,0,0
839,435.1836808639917,19575.708724017586,0,20.882297148213837,0,1,0
840,2630.068304931086,29672.79332425126,2,2445.9711798935646,0,0,0
841,691.7546364255161,42123.24121894614,3,1208.5829360864955,0,1,0
842,52170.10609284803,287.2414540691571,10,38833.476480715915,0,0,1
843,3074.378051643305,5570.865950186021,3,317.4955610771782,0,0,0
844,799.7269925022725,17934.7204763955,3,246.00612516707594,0,0,0
845,4326.292573986661,44257.047499957924,1,2305.4774917809114,0,0,0
846,4662.6756722501505,6821.732174104309,0,1147.2383219369553,0,1,0
847,225.77570573749642,14437.2447643511,1,1050.2182685389369,0,0,0
848,4820.60075168932,64320.67227010463,4,1687.0881196908008,0,1,0
849,73265.22041849769,297.9171359738564,9,27162.4073897328,1,0,1
850,2032.6287657644807,69413.23123001755,0,1272.2356173499888,0,1,0
851,339.17725741230254,58014.35516425384,3,2628.1047693114433,0,0,0
852,1495.7414240717733,33398.39305592138,4,2789.854838770844,0,0,0
853,3957.2662419764742,21202.50707117313,2,683.0364534675083,0,1,0
854,672.7111977924511,3378.0313366910395,3,646.6500392935416,0,1,0
855,881.626477873013,40858.56252986424,1,2772.3095510746807,0,0,0
856,1341.3178763690753,50721.93153360266,4,1167.2659096197601,0,1,0
857,646.7182593103777,21796.290965065044,4,794.1065789798306,0,1,0
858,1908.964323814532,65562.30118843543,0,1913.5165823403468,0,0,0
859,1056.9332261004308,27306.86424944797,0,305.03160799558276,0,1,0
860,608.8030078590608,60436.521028253446,1,1491.8994325976507,0,0,0
861,27422.336486991127,24.775477806490496,19,45286.04451063028,0,1,1
862,1784.9664720443493,61250.93874657749,3,540.6403623279525,0,1,0
863,3888.7537392610557,2297.8261181739426,4,1340.3654387412485,0,0,0
864,1698.100303954287,49036.575865047205,1,1356.2390208349398,0,0,0
865,4371.900734181885,11385.37787966874,1,844.1076260538192,0,0,0
866,3713.9310284850503,60651.97846372731,4,2877.8823421594343,0,0,0
867,2379.619072274144,38733.228241385215,3,1912.4192428009446,0,1,0
868,743.1007474972834,30300.147452186728,0,1233.3157190222043,0,0,0
869,2821.8754296259235,49331.5534355258,1,2991.2801931812273,0,1,0
870,1775.9169814092631,27830.74752939122,0,2200.694058377458,0,0,0
871,2252.8719599490396,64881.665039329426,3,616.5691682937149,0,1,0
872,1322.8093736837009,17664.02304871955,0,1283.7072014435935,0,0,0
873,2266.3130462404333,11366.158659221936,3,2679.656002878901,0,1,0
874,4264.179098427864,22831.87795880745,3,240.95541235061498,0,0,0
875,2817.989077359295,13977.697167295464,2,2572.4734915338313,0,1,0
876,10639.713125399681,290.42998581947404,13,48746.701139009674,0,1,1
877,2207.057880187955,56797.88285348161,4,2335.2042423388566,0,0,0
878,1962.7439287521802,32669.38287786364,0,2506.7207709747986,0,1,0
879,154.44811182266497,71724.50929852162,0,464.9225913742957,0,1,0
880,4509.679660840532,50335.26227561763,0,244.59011764552773,0,0,0
881,3211.2956561979104,42671.50433572097,1,2181.5855731719844,0,0,0
882,3512.1674831971295,12433.378045417223,3,118.83577886041786,0,1,0
883,3529.8705977948375,67533.2482217202,2,2875.6001755180127,0,1,0
884,15967.77069951523,212.5514463621187,7,46135.15457609557,0,0,1
885,3307.364903331926,22093.815570726307,4,1956.862669061158,0,1,0
886,1854.2705862141088,16048.2790569592,2,759.9305540588535,0,1,0
887,3812.2244604426064,46227.478833488254,0,1180.564451686265,0,1,0
888,900.9538880308708,26532.548609073627,2,1496.049251133941,0,1,0
889,3901.7546104645567,13760.500766655692,3,2260.11971594286,0,1,0
890,3286.9085440792096,48550.82608968487,2,1647.62323187311,0,0,0
891,1939.4477293830184,42261.40112329322,2,2518.741133325187,0,0,0
892,59491.70577883741,271.99050267758304,19,70576.06386353272,1,0,1
893,4940.0057413436,16675.4205845128,1,2556.747793589667,0,0,0
894,559.8509287214449,9946.73291090157,3,1679.4249250354978,0,1,0
895,644.3635020117181,49552.487087720445,3,2861.4483412998293,0,1,0
896,2886.2991698481505,32572.314477171465,4,1492.4601018378646,0,0,0
897,878.9250988414582,63649.53288699008,3,532.7101566317017,0,1,0
898,1067.507063635055,68991.59230653573,4,1219.5158843175209,0,0,0
899,47830.20820356182,146.11935965571809,18,40618.02499988596,0,1,1
900,74768.13314687983,158.42048122718168,18,30307.060386249825,0,0,1
901,3068.3104863108156,30271.563447225293,2,64.81503776974817,0,0,0
902,4269.511249284357,35797.29713133034,2,1105.913467875882,0,0,0
903,25447.75311282379,33.2108475358025,12,5424.808944693361,1,1,1
904,2084.960376227655,13891.146877871673,0,140.06265109940213,0,0,0
905,4750.121437596972,47681.525561848764,0,2197.127573129104,0,1,0
906,44389.87158551762,21.846059544767787,5,67902.75015825321,0,0,1
907,3405.2165790736444,13384.920836893161,1,2567.8115695819433,0,1,0
908,2303.449783737382,19585.598931501518,1,624.6441089972401,0,1,0
909,3093.4029627124946,71432.79276055809,3,1648.0201854296674,0,0,0
910,4895.663790019678,17834.576950047307,3,1495.820285239802,0,0,0
911,3864.8625467642364,41762.15116756347,0,1275.2136454769682,0,0,0
912,3084.2075420797582,60721.57175699074,0,615.3733030486266,0,0,0
913,3710.319499456225,51988.99634507959,3,163.122667530412,0,1,0
914,3112.681023629981,39830.70941303438,4,1458.2850476923882,0,1,0
915,1009.1207372316306,37678.606663803475,3,1059.743971222929,0,0,0
916,1185.5891881518553,36105.79778391177,4,1949.7585634982515,0,1,0
917,3503.9873518068684,39438.79150305399,1,2510.8962385084515,0,1,0
918,4913.559265464308,8226.783250854503,2,1295.475361782079,0,1,0
919,4559.083084304241,43205.6595361304,3,814.9398953825154,0,0,0
920,83576.94480310773,194.46437165385112,18,11307.016253719106,0,1,1
921,27.73940776931038,64771.80652557525,1,711.0033478831638,0,0,0
922,130.81462560638272,5122.082853350479,1,1653.0495269876085,0,0,0
923,620.8046061427941,11756.278939931566,2,1551.4765731898394,0,0,0
924,665.9261260845095,62031.96010961596,3,2949.7358781281196,0,0,0
925,4420.56558650891,69470.0606579994,1,2512.7503082697112,0,0,0
926,4758.587176133292,70407.32138273043,4,1991.027205595018,0,1,0
927,85144.33306545606,228.12970986229934,16,9730.885873817622,1,0,1
928,1183.1413729387796,4108.249465425659,3,281.28362746082615,0,1,0
929,2418.9824079049813,22966.417196191866,1,2861.8989792032744,0,0,0
930,1165.5542946432045,27962.006922729506,2,1713.6272854394829,0,0,0
931,59448.18719914924,180.68822370870686,11,34456.0327653577,1,0,1
932,2895.6491132929123,50375.738883112295,3,556.2067661486224,0,1,0
933,183.82919124080908,58854.84686984207,3,2248.26362556844,0,0,0
934,3869.145296845964,45094.87903903355,0,355.7530995103377,0,1,0
935,1286.605099493984,23085.88569062761,2,2234.464776863044,0,0,0
936,807.6217396785688,40869.94375307511,0,2250.2834890272575,0,0,0
937,1975.721526895874,39621.36449081506,4,1409.6767643228914,0,1,0
938,214.05681854263838,64099.11403092128,3,256.6636226352671,0,0,0
939,4274.998256769586,69967.54590539655,4,487.46981950388846,0,1,0
940,3287.231910943237,1864.1180810468466,1,633.1494342404237,0,0,0
941,3673.5558251902044,41595.34279779792,2,2517.116585993515,0,0,0
942,1233.0477021555553,39470.62400079987,1,2518.3244722716363,0,1,0
943,1356.9670848722947,8023.477056268724,4,638.1044826506746,0,1,0
944,746.8554245117476,29003.513562036103,4,2688.438361308044,0,0,0
945,2308.297419292608,52958.31158492984,2,900.5797201852882,0,0,0
946,2511.7795364959757,31233.007303635648,2,744.987625198838,0,0,0
947,87054.69849471695,214.53054149050084,19,48321.074888768715,0,1,1
948,1905.5830823678077,21212.622495050247,4,911.9526413631983,0,0,0
949,1953.2133804170264,32445.073705654115,4,1089.603931678113,0,1,0
950,3018.2650041897105,66094.50600491917,4,2646.6578353558048,0,1,0
951,28519.068120544813,116.91078875433054,13,78542.1159686633,0,0,1
952,1966.824921959942,9167.292302267626,3,2006.0447101552302,0,1,0
953,1085.84790402499,25240.604690383043,1,2623.1486797543253,0,1,0
954,60386.05202071156,92.16593056962171,12,58343.54469893699,1,1,1
955,4039.514301619621,15169.216911521951,0,1985.6597874330141,0,1,0
956,4250.549002714802,45862.56289894817,1,499.9412284877301,0,1,0
957,2889.26748418528,23952.798455486343,3,1325.905096317593,0,0,0
958,4769.084628108836,62719.776641967735,4,1941.595894006006,0,0,0
959,2542.093072708243,69869.59744878519,0,1298.8849371687375,0,0,0
960,1850.2157978020098,29231.273307233234,2,2636.3462058075843,0,1,0
961,2590.3503308703653,23424.729463915297,1,749.0902779765105,0,0,0
962,248.09702284567513,3672.2939338304877,0,1223.917121809507,0,0,0
963,919.4656238090873,30964.71887771002,1,2226.700759985736,0,0,0
964,4648.897119829811,43382.08788444391,3,643.2722452394808,0,0,0
965,4263.1125881053,39245.09052250531,4,72.60370970326372,0,0,0
966,2466.1398222938014,47752.173913299404,0,886.7903654421294,0,1,0
967,2219.5879659867733,46336.45184053342,3,1992.7713716354956,0,0,0
968,3682.2791470424286,10836.73271013686,4,576.5841632487588,0,1,0
969,1073.0803491903362,69098.37535687994,0,496.39985519099866,0,1,0
970,2453.952771475787,64313.56383088387,1,2616.1936855488552,0,1,0
971,52182.34836963884,60.192079390605734,9,44060.88667032061,1,0,1
972,2120.1997065573205,4125.216828928948,0,594.302557613134,0,0,0
973,3438.8664577665836,28668.98931350187,0,1588.1062976664773,0,1,0
974,3511.9502488491144,915.0250082524049,1,1597.6204116692425,0,0,0
975,392.06508396450613,10034.322615858184,3,1118.2169809883148,0,0,0
976,4228.291435787951,38636.949769388855,2,596.5661582918196,0,1,0
977,3090.3034782817226,29336.557127998625,1,1353.009681446005,0,0,0
978,10644.846764463879,33.67246803479796,17,49577.732498088895,0,1,1
979,22439.82769003161,287.1440759423028,19,7349.803491491992,1,1,1
980,1704.2887571475515,48021.44441415417,2,467.4547582907306,0,0,0
981,4726.822717235779,40557.41463832657,2,2528.0122676477204,0,0,0
982,683.4203434132663,64291.342254794334,4,2767.625411324902,0,1,0
983,62580.646650709954,174.85963417815947,17,45848.47199737124,1,1,1
984,1212.879706184185,2844.338129461602,4,424.9952774443473,0,1,0
985,1099.8612141902272,57479.33888589977,3,2969.839468681395,0,1,0
986,4968.8616727996305,38674.15988936894,0,1779.452640569156,0,0,0
987,2624.303795534252,61380.566114286186,0,2654.4124444583413,0,0,0
988,1074.1194378488417,13906.076686146682,1,666.8862569888222,0,0,0
989,2866.4957324454354,3067.5076171077685,4,1283.977238794725,0,0,0
990,3276.1505939166746,47304.15470356928,4,2976.814533451556,0,1,0
991,4289.746421667812,25492.922944806156,0,2494.1856698219794,0,0,0
992,2380.265748734358,2616.455777703696,0,406.74781000294234,0,1,0
993,13098.026455775613,293.9767806050576,18,41717.01554686866,1,1,1
994,3685.3954462278894,38757.9719015315,3,1678.7847937706047,0,1,0
995,1812.8841245104513,51308.62067757614,1,2120.2671710523864,0,1,0
996,14167.297401821132,150.37384479541356,14,16711.84031802194,1,1,1
997,4337.718538272681,16516.05965375615,2,1124.0323526946402,0,0,0
998,2877.1977942320846,22591.725911944617,2,1968.6078035885416,0,0,0
999,2341.983473705472,64352.123017790844,4,1991.7479106584829,0,0,0
1000,2740.923491072034,63891.77898867119,1,2748.143357330908,0,0,0
